<?xml version="1.0" encoding="UTF-8"?>
<CustomField xmlns="http://soap.sforce.com/2006/04/metadata">
    <fullName>Object_Mapping__c</fullName>
    <externalId>false</externalId>
    <fieldManageability>DeveloperControlled</fieldManageability>
    <label>Object Mapping</label>
    <referenceTo>Object_Mapping__mdt</referenceTo>
    <relationshipLabel>Field Mappings</relationshipLabel>
    <relationshipName>Field_Mappings</relationshipName>
    <required>false</required>
    <type>MetadataRelationship</type>
    <unique>false</unique>
</CustomField>
